season,team,draft_capital,draft_picks,draft_r1,draft_rank,played_off,played_def,played,roster_top44,played_gap,rating_coverage,n_off,n_def,roster_known,roster_size
2016,Alabama,34,10,4,1,0.9533,0.9411,0.9472,0.9701,-0.0229,0.95,18,46,81,129
2016,Arkansas,3,3,0,50,0.8783,0.8546,0.8664,0.8877,-0.0213,0.737,22,46,70,131
2016,Auburn,5,4,0,29,0.9146,0.9167,0.9156,0.9321,-0.0164,0.937,23,41,73,121
2016,Florida,19,8,1,5,0.909,0.9003,0.9047,0.9245,-0.0198,0.805,21,45,67,129
2016,Georgia,1,1,0,79,0.9276,0.9142,0.9209,0.946,-0.0251,0.862,20,41,73,132
2016,Kentucky,0,0,0,103,0.8496,0.849,0.8493,0.8678,-0.0185,0.637,25,49,56,116
2016,LSU,24,8,3,2,0.9256,0.9402,0.9329,0.9513,-0.0184,0.809,25,41,68,115
2016,Mississippi State,1,1,0,90,0.8737,0.8788,0.8763,0.8924,-0.0161,0.824,23,43,65,125
2016,Missouri,5,1,1,25,0.8729,0.8509,0.8619,0.8732,-0.0113,0.647,24,45,53,108
2016,Oklahoma,6,4,0,22,0.8887,0.8888,0.8887,0.9126,-0.0239,0.749,22,46,62,122
2016,Ole Miss,8,4,1,19,0.9166,0.8791,0.8978,0.9234,-0.0256,0.73,23,51,70,124
2016,South Carolina,0,0,0,103,0.8907,0.8859,0.8883,0.9016,-0.0133,0.783,23,41,63,118
2016,Tennessee,12,6,1,11,0.9258,0.8933,0.9096,0.9296,-0.0201,0.877,20,47,80,122
2016,Texas,2,1,0,57,0.9274,0.9034,0.9154,0.9321,-0.0167,0.851,22,47,67,121
2016,Texas A&M,12,5,1,10,0.9093,0.9017,0.9055,0.9204,-0.0149,0.853,22,39,64,108
2016,Vanderbilt,4,2,0,33,0.8376,0.8532,0.8454,0.8596,-0.0142,0.684,23,43,56,98
2016,Ohio State,24,7,3,3,0.9442,0.9287,0.9364,0.9574,-0.0209,0.882,18,46,68,118
2016,Indiana,2,1,0,54,0.8262,0.8115,0.8189,0.8394,-0.0206,0.652,22,46,60,115
2016,Michigan,23,11,2,4,0.9175,0.9036,0.9106,0.9421,-0.0316,0.846,23,45,79,144
2016,Clemson,15,6,2,6,0.9239,0.8948,0.9094,0.9313,-0.0219,0.819,23,53,65,112
2016,Notre Dame,4,2,0,32,0.9308,0.9101,0.9205,0.9358,-0.0154,0.889,20,41,73,117
2017,Alabama,29,12,4,1,0.9669,0.9442,0.9555,0.9725,-0.017,0.93,20,42,76,126
2017,Arkansas,6,2,1,23,0.8933,0.8565,0.8749,0.8899,-0.015,0.795,26,43,71,125
2017,Auburn,10,4,0,17,0.9222,0.916,0.9191,0.9285,-0.0093,0.938,21,41,63,108
2017,Florida,11,5,1,14,0.904,0.8965,0.9002,0.9174,-0.0172,0.842,21,36,70,123
2017,Georgia,21,6,3,2,0.9421,0.9231,0.9326,0.9584,-0.0258,0.867,21,50,74,133
2017,Kentucky,0,0,0,113,0.8645,0.8542,0.8594,0.8761,-0.0168,0.672,22,43,56,111
2017,LSU,14,7,0,4,0.9073,0.9391,0.9232,0.947,-0.0238,0.891,25,45,74,125
2017,Mississippi State,5,4,0,36,0.8765,0.881,0.8788,0.8959,-0.0171,0.805,22,46,64,111
2017,Missouri,1,1,0,77,0.859,0.8489,0.8539,0.8688,-0.0148,0.714,18,49,61,117
2017,Oklahoma,10,4,1,15,0.8923,0.8925,0.8924,0.9092,-0.0168,0.809,23,38,62,107
2017,Ole Miss,6,4,0,27,0.9322,0.8771,0.9047,0.9193,-0.0147,0.745,22,48,72,127
2017,South Carolina,5,1,1,31,0.8934,0.8834,0.8884,0.8947,-0.0063,0.812,22,38,62,105
2017,Tennessee,4,3,0,41,0.9028,0.8969,0.8999,0.9241,-0.0243,0.913,25,46,83,121
2017,Texas,7,4,0,19,0.9128,0.9069,0.9098,0.9239,-0.0141,0.952,23,33,64,109
2017,Texas A&M,5,3,0,33,0.8986,0.8956,0.8971,0.9209,-0.0239,0.883,22,42,72,120
2017,Vanderbilt,2,1,0,61,0.8377,0.8549,0.8463,0.8553,-0.0089,0.705,21,42,58,100
2017,Ohio State,19,7,2,3,0.9473,0.9387,0.943,0.9604,-0.0174,0.894,19,54,69,114
2017,Indiana,2,2,0,63,0.8352,0.8233,0.8293,0.841,-0.0118,0.702,22,52,57,112
2017,Michigan,3,2,0,55,0.9207,0.9073,0.914,0.9394,-0.0253,0.868,29,42,80,144
2017,Clemson,4,3,0,44,0.9168,0.8926,0.9047,0.9317,-0.027,0.851,24,51,65,114
2017,Notre Dame,12,4,2,11,0.9193,0.9028,0.911,0.9303,-0.0193,0.894,24,47,68,111
2018,Alabama,25,10,3,1,0.9567,0.9434,0.9501,0.9655,-0.0154,0.948,18,41,74,118
2018,Arkansas,3,3,0,53,0.8866,0.8564,0.8715,0.8862,-0.0147,0.82,25,49,71,124
2018,Auburn,7,6,0,24,0.9193,0.9066,0.913,0.9291,-0.0162,0.922,23,40,73,112
2018,Florida,8,5,0,20,0.9022,0.8892,0.8957,0.9197,-0.024,0.833,24,55,66,123
2018,Georgia,13,7,1,8,0.9504,0.919,0.9347,0.9594,-0.0247,0.852,20,53,74,123
2018,Kentucky,12,5,1,10,0.867,0.8586,0.8628,0.8745,-0.0118,0.667,21,41,61,116
2018,LSU,9,3,1,15,0.9064,0.9339,0.9202,0.9404,-0.0202,0.882,21,41,72,111
2018,Mississippi State,19,5,3,5,0.8727,0.8843,0.8785,0.8955,-0.017,0.852,20,50,71,112
2018,Missouri,4,2,0,38,0.863,0.8505,0.8567,0.871,-0.0143,0.797,21,51,67,106
2018,Oklahoma,19,8,2,4,0.9051,0.909,0.907,0.9283,-0.0213,0.86,23,38,82,124
2018,Ole Miss,13,6,0,9,0.9075,0.8645,0.886,0.9003,-0.0143,0.804,21,49,65,118
2018,South Carolina,5,3,0,32,0.8912,0.8784,0.8848,0.9009,-0.0161,0.812,23,51,68,108
2018,Tennessee,0,0,0,103,0.9135,0.9061,0.9098,0.9264,-0.0167,0.952,21,42,83,115
2018,Texas,2,2,0,65,0.9133,0.9128,0.9131,0.9304,-0.0173,0.926,21,37,69,104
2018,Texas A&M,10,7,0,14,0.9053,0.8879,0.8966,0.9193,-0.0227,0.883,19,38,77,130
2018,Vanderbilt,4,2,0,40,0.8492,0.8401,0.8446,0.8565,-0.0119,0.788,23,47,62,106
2018,Ohio State,21,9,2,2,0.9501,0.9461,0.9481,0.9662,-0.0181,0.932,21,46,72,119
2018,Indiana,1,1,0,69,0.8369,0.8336,0.8352,0.8455,-0.0103,0.755,22,43,58,113
2018,Michigan,15,5,2,7,0.9097,0.8943,0.902,0.9324,-0.0303,0.889,25,47,81,147
2018,Clemson,20,6,3,3,0.9304,0.9108,0.9206,0.9456,-0.025,0.898,26,49,67,114
2018,Notre Dame,11,6,1,12,0.9263,0.8974,0.9118,0.9303,-0.0184,0.87,23,42,79,125
2019,Alabama,33,9,4,2,0.9522,0.9438,0.948,0.9688,-0.0207,0.995,20,44,88,127
2019,Arkansas,3,2,0,45,0.8819,0.8686,0.8752,0.8939,-0.0187,0.856,24,41,78,130
2019,Auburn,16,6,2,6,0.9116,0.9096,0.9106,0.9307,-0.02,0.97,20,45,77,125
2019,Florida,15,7,1,9,0.9102,0.8991,0.9047,0.9208,-0.0161,0.857,20,46,68,123
2019,Georgia,17,7,2,5,0.9372,0.9272,0.9322,0.9598,-0.0276,0.913,22,50,81,133
2019,Kentucky,3,2,0,42,0.8753,0.868,0.8716,0.8837,-0.0121,0.836,19,51,76,114
2019,LSU,41,14,5,1,0.917,0.9322,0.9246,0.9454,-0.0208,0.898,21,46,81,117
2019,Mississippi State,9,5,0,16,0.8887,0.8878,0.8883,0.9004,-0.0121,0.853,21,51,78,120
2019,Missouri,3,2,0,43,0.8586,0.8419,0.8502,0.869,-0.0188,0.786,22,45,75,122
2019,Oklahoma,15,4,2,10,0.9161,0.9098,0.9129,0.9355,-0.0225,0.89,25,48,84,120
2019,Ole Miss,0,0,0,96,0.9,0.87,0.885,0.8947,-0.0097,0.888,21,50,78,119
2019,South Carolina,9,4,1,14,0.893,0.8823,0.8876,0.907,-0.0193,0.851,24,46,76,119
2019,Tennessee,4,2,0,31,0.9153,0.8949,0.9051,0.9229,-0.0178,0.973,20,44,88,128
2019,Texas,5,3,0,29,0.9297,0.9194,0.9246,0.9406,-0.0161,0.989,21,48,86,120
2019,Texas A&M,3,2,0,41,0.9105,0.8976,0.904,0.9327,-0.0286,0.946,20,49,86,136
2019,Vanderbilt,2,1,0,49,0.8537,0.8373,0.8455,0.865,-0.0195,0.855,21,44,78,115
2019,Ohio State,27,10,3,3,0.95,0.9315,0.9407,0.9676,-0.0269,0.872,18,52,79,128
2019,Indiana,1,1,0,85,0.8539,0.8433,0.8486,0.8634,-0.0148,0.966,20,40,80,122
2019,Michigan,16,10,1,8,0.916,0.8938,0.9049,0.9295,-0.0246,0.895,23,45,83,148
2019,Clemson,18,7,2,4,0.9295,0.9103,0.9199,0.9394,-0.0195,0.888,24,50,78,121
2019,Notre Dame,11,6,0,13,0.9149,0.9003,0.9076,0.9285,-0.0209,0.951,21,45,84,121
2020,Alabama,38,10,6,1,0.9517,0.9519,0.9518,0.9683,-0.0165,0.978,18,41,92,135
2020,Arkansas,1,1,0,82,0.8923,0.8686,0.8805,0.8929,-0.0124,0.815,19,44,77,123
2020,Auburn,5,4,0,34,0.9193,0.9116,0.9154,0.9316,-0.0161,0.992,21,38,84,125
2020,Florida,18,8,2,4,0.9102,0.9131,0.9116,0.9298,-0.0181,0.897,23,49,83,140
2020,Georgia,20,9,1,3,0.9539,0.9424,0.9482,0.9725,-0.0243,0.943,22,45,92,147
2020,Kentucky,12,6,1,12,0.8802,0.8744,0.8773,0.8929,-0.0156,0.844,22,47,80,126
2020,LSU,13,7,1,9,0.9224,0.9193,0.9208,0.9496,-0.0288,0.964,23,39,77,114
2020,Mississippi State,2,2,0,63,0.8911,0.8804,0.8858,0.8952,-0.0094,0.937,22,45,84,121
2020,Missouri,7,5,0,27,0.8595,0.8534,0.8565,0.8717,-0.0152,0.863,24,42,75,120
2020,Oklahoma,8,5,0,24,0.9295,0.9039,0.9167,0.9355,-0.0188,0.954,22,47,83,129
2020,Ole Miss,4,2,0,35,0.8901,0.8641,0.8771,0.8904,-0.0133,0.928,19,47,78,122
2020,South Carolina,9,4,1,17,0.8907,0.8932,0.892,0.9108,-0.0188,0.885,23,44,81,121
2020,Tennessee,3,2,0,46,0.9141,0.892,0.9031,0.9258,-0.0228,0.951,23,38,92,141
2020,Texas,8,5,0,23,0.9343,0.9146,0.9245,0.945,-0.0205,0.963,23,46,90,123
2020,Texas A&M,5,4,0,32,0.9234,0.909,0.9162,0.9407,-0.0245,0.99,16,32,91,140
2020,Vanderbilt,3,1,0,43,0.8594,0.8476,0.8535,0.8686,-0.0151,0.923,20,46,82,113
2020,Ohio State,21,10,1,2,0.955,0.9439,0.9495,0.9663,-0.0168,0.915,19,49,84,123
2020,Indiana,1,1,0,75,0.8552,0.8538,0.8545,0.866,-0.0115,0.971,18,32,89,124
2020,Michigan,15,8,1,8,0.9123,0.9001,0.9062,0.9252,-0.019,0.94,19,37,89,136
2020,Clemson,16,5,2,6,0.9371,0.9212,0.9292,0.9514,-0.0223,0.913,22,59,84,124
2020,Notre Dame,17,9,0,5,0.9168,0.902,0.9094,0.9346,-0.0252,0.983,23,41,86,116
2021,Alabama,21,7,2,2,0.9554,0.9542,0.9548,0.9727,-0.0179,1.0,22,41,95,125
2021,Arkansas,7,3,1,20,0.8959,0.8703,0.8831,0.8978,-0.0148,0.841,22,41,86,124
2021,Auburn,3,1,0,47,0.9013,0.9016,0.9014,0.9238,-0.0224,0.964,22,44,78,107
2021,Florida,8,3,1,15,0.9245,0.9134,0.9189,0.937,-0.018,0.905,21,56,87,125
2021,Georgia,41,15,5,1,0.9533,0.9338,0.9436,0.9776,-0.034,0.911,24,59,92,121
2021,Kentucky,9,4,0,13,0.8822,0.8822,0.8822,0.8975,-0.0153,0.932,17,51,88,127
2021,LSU,18,10,1,4,0.926,0.9172,0.9216,0.9536,-0.032,0.953,27,46,84,109
2021,Mississippi State,7,2,1,19,0.8844,0.8793,0.8818,0.8893,-0.0075,0.935,19,41,68,92
2021,Missouri,2,2,0,64,0.869,0.856,0.8625,0.8794,-0.0169,0.855,25,46,77,124
2021,Oklahoma,10,7,0,10,0.932,0.9105,0.9213,0.943,-0.0217,0.984,22,48,83,117
2021,Ole Miss,9,6,0,14,0.8928,0.8678,0.8803,0.8977,-0.0174,0.935,20,45,98,135
2021,South Carolina,3,3,0,55,0.8887,0.8847,0.8867,0.9037,-0.017,0.906,22,46,80,107
2021,Tennessee,8,5,0,17,0.895,0.8851,0.89,0.9112,-0.0212,0.892,21,49,80,123
2021,Texas,0,0,0,106,0.9271,0.8951,0.9111,0.9348,-0.0237,1.0,19,51,86,107
2021,Texas A&M,9,4,1,12,0.9268,0.9195,0.9231,0.9384,-0.0153,0.989,21,44,79,120
2021,Vanderbilt,0,0,0,106,0.8641,0.851,0.8576,0.8707,-0.0132,0.951,18,49,86,108
2021,Ohio State,16,6,2,5,0.966,0.9297,0.9478,0.9716,-0.0238,0.902,21,59,89,131
2021,Indiana,1,1,0,77,0.8627,0.8512,0.857,0.8811,-0.0242,0.927,26,42,98,125
2021,Michigan,15,5,2,7,0.92,0.9026,0.9113,0.9262,-0.0149,0.979,20,45,87,120
2021,Clemson,4,2,0,43,0.9279,0.9278,0.9279,0.9596,-0.0317,0.904,28,50,90,137
2021,Notre Dame,6,2,1,24,0.9289,0.9033,0.9161,0.9327,-0.0166,0.965,20,45,81,103
2022,Alabama,28,10,3,1,0.9648,0.9561,0.9605,0.9782,-0.0178,0.989,21,38,86,136
2022,Arkansas,4,2,0,42,0.9011,0.8774,0.8892,0.9003,-0.0111,0.929,25,35,82,118
2022,Auburn,8,5,0,20,0.9012,0.8962,0.8987,0.9154,-0.0167,0.905,26,44,79,115
2022,Florida,14,6,1,8,0.9059,0.9199,0.9129,0.9284,-0.0155,0.933,24,48,88,122
2022,Georgia,23,10,3,2,0.9461,0.9403,0.9432,0.973,-0.0298,0.929,20,43,94,130
2022,Kentucky,5,3,0,33,0.8912,0.8842,0.8877,0.9009,-0.0132,0.955,27,36,80,117
2022,LSU,8,6,0,21,0.9371,0.9124,0.9247,0.9444,-0.0196,0.945,20,47,73,114
2022,Mississippi State,6,2,1,27,0.8832,0.8847,0.8839,0.8993,-0.0153,0.926,21,47,80,114
2022,Missouri,1,1,0,66,0.8793,0.8754,0.8773,0.8956,-0.0183,0.814,24,42,79,123
2022,Oklahoma,12,5,1,11,0.9221,0.9101,0.9161,0.935,-0.0189,0.942,22,45,85,120
2022,Ole Miss,6,4,0,28,0.897,0.8908,0.8939,0.9092,-0.0153,0.95,20,44,92,132
2022,South Carolina,8,5,0,22,0.8974,0.884,0.8907,0.9086,-0.0179,0.931,22,47,87,119
2022,Tennessee,13,5,1,9,0.8966,0.8857,0.8911,0.908,-0.0168,0.948,20,55,88,125
2022,Texas,10,5,1,15,0.9414,0.907,0.9242,0.9444,-0.0202,0.975,21,48,89,124
2022,Texas A&M,4,3,0,45,0.9266,0.9409,0.9338,0.9578,-0.024,0.986,25,42,82,130
2022,Vanderbilt,0,0,0,96,0.8622,0.8574,0.8598,0.873,-0.0132,0.912,20,45,80,109
2022,Ohio State,19,6,3,3,0.9541,0.9341,0.9441,0.972,-0.0278,0.983,20,40,83,121
2022,Indiana,0,0,0,96,0.8762,0.8634,0.8698,0.8838,-0.014,0.935,24,46,88,115
2022,Michigan,18,9,1,4,0.9174,0.9016,0.9095,0.9297,-0.0201,0.931,24,45,92,141
2022,Clemson,15,6,2,7,0.9398,0.939,0.9394,0.9563,-0.0169,0.957,22,43,81,135
2022,Notre Dame,7,3,0,25,0.9398,0.905,0.9224,0.9384,-0.0159,0.984,20,39,83,113
2023,Alabama,27,10,3,2,0.9666,0.9501,0.9583,0.9786,-0.0203,0.998,22,43,86,138
2023,Arkansas,2,2,0,64,0.8915,0.8817,0.8866,0.8987,-0.0122,0.908,21,41,84,121
2023,Auburn,5,5,0,31,0.8825,0.8909,0.8867,0.9124,-0.0257,0.96,26,43,83,119
2023,Florida,5,1,1,29,0.8957,0.9202,0.908,0.9299,-0.022,0.975,22,44,84,117
2023,Georgia,23,8,2,5,0.9331,0.9441,0.9386,0.9707,-0.0321,0.96,22,51,93,134
2023,Kentucky,6,4,0,27,0.9026,0.887,0.8948,0.9056,-0.0109,0.976,19,46,79,119
2023,LSU,20,6,3,7,0.9355,0.9143,0.9249,0.9522,-0.0274,0.961,21,50,84,117
2023,Mississippi State,3,3,0,45,0.8896,0.8875,0.8885,0.9019,-0.0133,0.992,23,39,86,111
2023,Missouri,13,6,1,12,0.9039,0.8794,0.8916,0.9048,-0.0132,0.922,18,38,80,110
2023,Oklahoma,7,3,1,22,0.9195,0.9141,0.9168,0.9412,-0.0244,0.96,23,48,90,125
2023,Ole Miss,3,3,0,49,0.8814,0.8804,0.8809,0.9066,-0.0257,0.958,20,45,85,129
2023,South Carolina,8,4,1,16,0.8958,0.8776,0.8867,0.9042,-0.0175,0.932,22,40,84,116
2023,Tennessee,3,3,0,46,0.9073,0.8962,0.9017,0.918,-0.0163,0.917,21,49,90,124
2023,Texas,25,11,2,4,0.9457,0.9109,0.9283,0.9482,-0.0199,0.973,18,45,88,119
2023,Texas A&M,7,4,0,23,0.9276,0.931,0.9293,0.9533,-0.0241,0.942,26,43,81,133
2023,Vanderbilt,0,0,0,88,0.8642,0.8605,0.8624,0.8737,-0.0114,0.952,22,46,84,114
2023,Ohio State,10,4,1,14,0.9548,0.9464,0.9506,0.9677,-0.0171,0.997,20,44,92,124
2023,Indiana,0,0,0,88,0.8766,0.8663,0.8714,0.8839,-0.0125,0.959,23,46,89,122
2023,Michigan,25,13,1,3,0.9286,0.8988,0.9137,0.9318,-0.0181,0.941,20,49,104,144
2023,Clemson,12,6,1,13,0.9299,0.9297,0.9298,0.9521,-0.0223,0.955,22,41,85,134
2023,Notre Dame,14,7,1,9,0.9259,0.9069,0.9164,0.9361,-0.0197,0.946,24,48,81,117
2024,Alabama,16,7,2,7,0.9548,0.9478,0.9513,0.9722,-0.0209,0.997,22,51,84,133
2024,Arkansas,4,2,0,35,0.8929,0.8809,0.8869,0.9065,-0.0196,0.914,23,40,82,124
2024,Auburn,3,3,0,44,0.9001,0.8988,0.8994,0.9211,-0.0217,0.976,22,46,82,121
2024,Florida,7,7,0,22,0.9096,0.9159,0.9127,0.9365,-0.0238,0.959,25,52,92,133
2024,Georgia,29,13,3,3,0.9321,0.9532,0.9427,0.9711,-0.0284,0.979,26,42,96,137
2024,Kentucky,6,2,1,25,0.9072,0.8885,0.8979,0.9114,-0.0135,0.98,22,46,83,114
2024,LSU,15,7,1,8,0.9226,0.9132,0.9179,0.9451,-0.0272,0.982,23,49,83,110
2024,Mississippi State,0,0,0,87,0.8833,0.8808,0.882,0.9,-0.018,0.973,20,46,86,116
2024,Missouri,9,3,1,15,0.9038,0.8794,0.8916,0.9136,-0.022,0.924,22,46,86,120
2024,Oklahoma,2,2,0,58,0.9218,0.9134,0.9176,0.9419,-0.0243,0.965,25,45,99,126
2024,Ole Miss,21,8,2,6,0.8843,0.8935,0.8889,0.9146,-0.0257,0.92,20,42,86,134
2024,South Carolina,11,5,0,12,0.8986,0.8811,0.8899,0.9126,-0.0228,0.949,23,48,85,120
2024,Tennessee,10,4,1,14,0.9152,0.8929,0.904,0.9259,-0.0218,0.933,22,54,91,123
2024,Texas,29,12,3,2,0.9491,0.9273,0.9382,0.9546,-0.0165,0.967,19,49,86,117
2024,Texas A&M,11,3,1,11,0.9243,0.9051,0.9147,0.9433,-0.0286,0.964,22,46,84,142
2024,Vanderbilt,1,1,0,84,0.8638,0.8695,0.8666,0.8841,-0.0175,0.954,21,46,86,120
2024,Ohio State,36,14,4,1,0.9506,0.9495,0.95,0.9669,-0.0168,0.993,18,44,85,123
2024,Indiana,2,2,0,59,0.8728,0.8609,0.8669,0.8847,-0.0179,0.962,23,43,82,116
2024,Michigan,22,7,3,5,0.9125,0.905,0.9087,0.9281,-0.0194,0.912,24,51,99,139
2024,Clemson,3,3,0,45,0.9329,0.921,0.927,0.9483,-0.0213,0.972,20,49,87,136
2024,Notre Dame,9,6,0,17,0.9223,0.9125,0.9174,0.9388,-0.0214,0.917,24,60,85,121
2025,Alabama,20,10,2,5,0.9374,0.9402,0.9388,0.9652,-0.0264,0.991,26,46,86,127
2025,Arkansas,5,4,0,33,0.8835,0.8838,0.8836,0.9043,-0.0207,0.947,22,48,81,115
2025,Auburn,10,5,1,18,0.9167,0.9149,0.9158,0.938,-0.0222,0.968,22,39,85,116
2025,Florida,14,7,1,11,0.9232,0.9127,0.9179,0.9384,-0.0205,0.984,23,49,85,120
2025,Georgia,19,8,1,8,0.9266,0.9478,0.9372,0.9669,-0.0296,0.981,27,51,97,132
2025,Kentucky,4,4,0,37,0.8995,0.8808,0.8902,0.9062,-0.0161,0.987,21,50,87,114
2025,LSU,13,7,1,12,0.9405,0.9089,0.9247,0.9442,-0.0195,0.995,20,46,85,112
2025,Mississippi State,2,2,0,46,0.8897,0.8826,0.8862,0.9059,-0.0197,0.978,26,51,101,119
2025,Missouri,12,6,0,15,0.9078,0.8816,0.8947,0.9142,-0.0195,0.959,22,47,83,108
2025,Oklahoma,9,7,0,21,0.9096,0.9248,0.9172,0.9364,-0.0192,0.951,25,39,88,111
2025,Ole Miss,4,2,0,34,0.8896,0.9053,0.8975,0.9198,-0.0223,0.947,19,44,82,119
2025,South Carolina,5,3,0,30,0.8972,0.8976,0.8974,0.922,-0.0247,0.964,24,48,84,114
2025,Tennessee,8,5,0,23,0.9169,0.9033,0.9101,0.9284,-0.0183,0.944,20,58,83,110
2025,Texas,8,6,0,24,0.9378,0.9386,0.9382,0.9616,-0.0234,0.966,25,48,84,111
2025,Texas A&M,23,10,1,3,0.9279,0.9093,0.9186,0.9428,-0.0242,0.981,24,53,86,133
2025,Vanderbilt,3,1,0,38,0.8612,0.8703,0.8658,0.8865,-0.0207,0.915,23,43,84,113
2025,Ohio State,34,11,4,1,0.9349,0.9503,0.9426,0.9594,-0.0168,0.976,23,42,91,120
2025,Indiana,19,8,2,6,0.8711,0.85,0.8605,0.8779,-0.0174,0.939,18,42,82,106
2025,Michigan,11,6,0,17,0.9197,0.9115,0.9156,0.9391,-0.0235,0.949,25,49,93,119
2025,Clemson,22,9,2,4,0.9247,0.9186,0.9216,0.9442,-0.0225,0.921,28,47,87,126
2025,Notre Dame,16,6,2,9,0.9277,0.9214,0.9245,0.9428,-0.0183,0.944,19,49,91,114
