season,team,sp_rating,sp_rank,sp_off_rank,sp_def_rank,sp_sos,fpi,fpi_rank,fpi_sor_rank,talent,talent_rank,recruit_rank,recruit_points,ap_pre,ap_final,ret_ppa_pct,ret_usage_pct,off_ppa,off_success,off_explosiveness,def_ppa,def_success,def_explosiveness,coach,coach_tenure_year,coach_first_year,coach_games,coaches_that_year
2016,Alabama,31.7,1,13,1,0.787,31.19,1,1,982.66,1,1,302.04,1,2,0.341,0.279,0.19227706131655756,0.4718384697130712,1.1924892120540156,-0.18454867382843765,0.32004689331770225,1.174882266918908,Nick Saban,10,2007,15,1
2016,Arkansas,7.9,47,29,70,0.824,6.26,50,32,689.41,27,23,219.34,,,0.395,0.3,0.14511632542226133,0.43859649122807015,1.2938257597976839,0.16725914586272073,0.4539385847797063,1.3224044346076285,Bret Bielema,4,2013,13,1
2016,Auburn,15.3,21,49,16,0.797,19.319,11,23,865.36,7,9,275.14,,24,0.569,0.488,0.17084457311874934,0.46099290780141844,1.0825044192511744,0.06956013397014309,0.41857659831121835,1.1363989615539567,Gus Malzahn,4,2013,13,1
2016,Clemson,28.7,2,3,6,0.82,27.625,2,2,846,9,11,271.16,2,1,0.888,0.89,0.1640277463968363,0.4995331465919701,1.0707223545124724,-0.037554174035182866,0.35883014623172105,1.1727821655514887,Dabo Swinney,9,2008,15,1
2016,Florida,15.4,20,84,5,0.837,13.83,22,17,798.44,16,12,260.96,25,14,0.311,0.218,0.013147357211364863,0.42066420664206644,1.0983358480178376,-0.12874309779422874,0.35935397039030953,1.1481406446269014,Jim McElwain,2,2015,13,1
2016,Georgia,9.3,42,74,14,0.887,8.064,41,34,872,6,6,281.31,18,,0.778,0.802,0.07343555445735325,0.4217002237136465,1.1227076785111825,0.013467078678714717,0.4092664092664093,1.0877769680493583,Kirby Smart,1,2016,13,1
2016,Indiana,4.6,57,91,20,0.876,0.906,67,68,565.47,53,53,172.23,,,0.387,0.47,0.03932889360707197,0.413,1.2359927306695788,0.030738244064881695,0.3853211009174312,1.2030359176214327,Kevin Wilson,6,2011,12,2
2016,Kentucky,-2.6,78,56,93,0.857,2.312,62,45,652.07,33,34,204.07,,,0.787,0.648,0.14471288792605655,0.42944038929440387,1.2458939476646913,0.18291909312440652,0.4926052332195677,1.0816188184784452,Mark Stoops,4,2013,13,1
2016,LSU,25.3,5,40,2,0.816,22.875,6,16,917.72,3,2,295.03,5,13,0.93,0.956,0.17923054855907658,0.4478021978021978,1.2520686627810158,-0.036912605935675066,0.3562913907284768,1.080086089024192,Ed Orgeron,1,2016,8,2
2016,Michigan,24.4,6,35,3,0.863,26.98,3,12,852.78,8,8,280.38,7,10,0.501,0.531,0.12265605465910748,0.4514877102199224,1.1227260619195942,-0.06951550538060994,0.3124042879019908,1.293338106365202,Jim Harbaugh,2,2015,13,1
2016,Mississippi State,5.4,56,37,60,0.857,6.202,51,59,679.14,28,28,211.11,,,0.33,0.397,0.19600635511580033,0.45248868778280543,1.2378299244131217,0.17536957389276034,0.432258064516129,1.2920456868891863,Dan Mullen,8,2009,13,1
2016,Missouri,-1,70,53,85,0.883,2.059,64,83,633.76,38,43,188.37,,,0.656,0.623,0.11455588337334771,0.44404332129963897,1.2298940178206321,0.14262872371142357,0.4531963470319635,1.1871222523778717,Barry Odom,1,2016,12,1
2016,Notre Dame,15.7,18,18,34,0.862,9.712,50,80,842.35,10,15,249.43,10,,0.656,0.688,0.15423251320350384,0.455019556714472,1.2287090608551947,0.11957724416248934,0.4428754813863928,1.132868168354285,Brian Kelly,7,2010,12,1
2016,Ohio State,22.4,10,32,8,0.816,26.245,4,3,902.46,5,4,289.12,6,6,0.244,0.285,0.16452728123257182,0.47518610421836227,1.0523023322028664,-0.07711690540236035,0.3668005354752343,1.1497020471420336,Urban Meyer,5,2012,13,1
2016,Oklahoma,26.1,4,1,31,0.864,22.541,7,4,777.48,18,19,238.73,3,5,0.766,0.805,0.34479114160386587,0.515695067264574,1.3131681154701793,0.16659115616921488,0.4247787610619469,1.294035958908285,Bob Stoops,18,1999,13,1
2016,Ole Miss,12.4,25,20,62,0.812,11.138,29,52,808.15,15,5,281.69,11,,0.771,0.723,0.15923378406836064,0.45681818181818185,1.1785821583614575,0.20797636790390683,0.4436701509872242,1.3169359180807478,Hugh Freeze,5,2012,12,1
2016,South Carolina,-4,85,105,56,0.878,-0.306,72,62,706.9,23,25,216.77,,,0.581,0.564,0.04904399211340597,0.4037122969837587,1.1701920737528102,0.054963802606856536,0.4538545059717698,1.0583689310790274,Will Muschamp,1,2016,13,1
2016,Tennessee,16.3,15,15,44,0.867,15.461,17,24,813.92,14,14,253.94,9,22,0.879,0.909,0.1580372257679212,0.46697566628041715,1.2157586902878483,0.11425540224482,0.43567567567567567,1.1628331488085628,Butch Jones,4,2013,13,1
2016,Texas,10.6,36,25,50,0.863,7.831,44,63,838.97,11,7,280.66,,,0.858,0.773,0.10761003081394827,0.4720558882235529,0.9954118147933779,0.13425686157445682,0.4333683105981112,1.1845606178385562,Charlie Strong,3,2014,12,1
2016,Texas A&M,12,27,26,47,0.841,15.505,16,29,814.63,13,18,238.94,,,0.537,0.396,0.18229466404508426,0.4337899543378995,1.3112435847628539,0.09430589228468318,0.4365482233502538,1.133063930187703,Kevin Sumlin,5,2012,13,1
2016,Vanderbilt,-1.2,71,89,48,0.881,4.536,55,58,619.03,41,54,171.54,,,0.617,0.65,0.05476540273146027,0.4155405405405405,1.1403612769800457,0.09467569392961374,0.43546576879910215,1.1180795804644388,Derek Mason,3,2014,13,1
2017,Alabama,33.5,1,11,1,0.842,28.419,1,1,997.57,1,1,323.87,1,1,0.731,0.791,0.21080066737456893,0.47440699126092384,1.1504018996938323,-0.0969424081654625,0.34815756035578144,1.0916164151417396,Nick Saban,11,2007,14,1
2017,Arkansas,2.1,63,34,91,0.798,-1.352,69,76,717.01,23,27,212.74,,,0.566,0.544,0.15472614934529863,0.4311797752808989,1.2525577256596971,0.20300210254899706,0.47121820615796517,1.1838264720013822,Bret Bielema,5,2013,12,1
2017,Auburn,24.7,8,25,3,0.767,21.595,9,11,867.43,8,9,255.92,12,10,0.516,0.552,0.13974094205993712,0.45771670190274844,1.0615740420381565,-0.025143001218274532,0.35216346153846156,1.1725370258880445,Gus Malzahn,5,2013,14,1
2017,Clemson,26.4,5,20,2,0.829,24.206,5,3,853.65,9,16,238.91,5,4,0.243,0.229,0.17367787539420257,0.4669464847848898,1.1023988680451813,-0.10356738579017463,0.3354350567465322,1.1015495805075943,Dabo Swinney,10,2008,14,1
2017,Florida,10.1,34,51,33,0.818,3.585,50,65,793.83,18,11,251.23,17,,0.802,0.727,0.058743940426415404,0.40472673559822747,1.1803081461950427,0.07933522097258565,0.3922480620155039,1.3365409073938934,Jim McElwain,3,2015,7,2
2017,Georgia,26.7,4,7,12,0.835,25.072,3,2,930.34,4,3,301.6,15,2,0.804,0.895,0.2541922192472109,0.47147846332945287,1.3077820555849697,-0.04447878203118395,0.36764705882352944,1.078947643189576,Kirby Smart,2,2016,15,1
2017,Indiana,10.2,32,63,25,0.821,3.678,49,66,547.92,61,62,167.99,,,0.635,0.609,0.029639389029326856,0.3895216400911162,1.1467959784029933,0.03882749727592348,0.3913612565445026,1.1121850881255346,Tom Allen,1,2017,12,1
2017,Kentucky,2.7,61,51,80,0.859,1.361,58,51,671.45,32,30,207.73,,,0.665,0.654,0.13134299325043255,0.43599493029150826,1.217001625137709,0.14965710688276185,0.4749124854142357,1.1070010339265282,Mark Stoops,5,2013,13,1
2017,LSU,21.1,11,23,8,0.839,13.933,14,20,907.1,6,7,287.66,13,18,0.686,0.685,0.1919215726840621,0.46609124537607893,1.0668330418158674,0.026160198775292347,0.38976377952755903,1.1505518239739296,Ed Orgeron,2,2016,13,1
2017,Michigan,19.6,13,49,5,0.823,11.232,24,29,874.28,7,5,296.03,11,,0.624,0.619,0.027516155476426496,0.3914053426248548,1.1789934445249641,-0.0704391525880337,0.3200531208499336,1.275728825935019,Jim Harbaugh,3,2015,13,1
2017,Mississippi State,16,19,40,18,0.812,13.302,19,18,701.06,26,24,220.22,,19,0.782,0.758,0.09377019476736384,0.4623406720741599,1.0349314893775454,-0.047120968320093874,0.35968992248062015,1.2552396465637936,Dan Mullen,9,2009,12,2
2017,Missouri,11.1,28,24,60,0.88,5.944,39,56,623.33,42,43,187.71,,,0.822,0.881,0.2573204540440355,0.4688311688311688,1.3125208753252326,0.16365712809369487,0.4195624195624196,1.334419941401014,Barry Odom,2,2016,13,1
2017,Notre Dame,20.8,12,18,15,0.834,18.9,50,10,837.71,10,10,251.32,,11,0.516,0.388,0.21215133570500588,0.4307875894988067,1.4145987756434606,0.028406680612332726,0.3997613365155131,1.121402657930361,Brian Kelly,8,2010,13,1
2017,Ohio State,30.9,2,3,7,0.828,26.851,2,7,959.12,2,2,312.14,2,5,0.603,0.766,0.2707150947150207,0.5231362467866324,1.1207731426406728,-0.0024523074661657444,0.36688741721854307,1.2689378327467906,Urban Meyer,6,2012,14,1
2017,Oklahoma,25.5,7,1,43,0.843,22.324,6,4,801.67,16,8,270.79,7,3,0.594,0.526,0.4076915147079368,0.5336322869955157,1.3633807978120769,0.11954021203296043,0.41284403669724773,1.3290782798011322,Lincoln Riley,1,2017,14,1
2017,Ole Miss,11.6,26,10,76,0.839,2.11,53,54,795.7,17,31,207.63,,,0.303,0.369,0.20587879534743225,0.46675712347354137,1.278366890090999,0.1972342163559068,0.45590062111801244,1.1808889192124197,Matt Luke,1,2017,12,1
2017,South Carolina,7.8,41,69,22,0.853,7.426,34,21,702.52,25,21,227.58,,,0.867,0.695,0.06724154696010112,0.4289340101522843,1.126390901131512,0.041731023051612956,0.42269187986651835,1.0713443535279104,Will Muschamp,2,2016,13,1
2017,Tennessee,1.2,67,83,54,0.827,-2.598,73,82,817.34,12,17,237.21,25,,0.223,0.247,-0.004762758846373599,0.3911764705882353,1.0724915078734425,0.11547615150002762,0.47959183673469385,0.9418893034485093,Butch Jones,5,2013,10,2
2017,Texas,10.6,30,80,13,0.853,10.639,25,39,811.03,13,25,217.76,23,,0.642,0.639,0.01567868041272428,0.3949238578680203,1.1831322603007384,-0.05682345365277805,0.3765501691093574,1.1303153463690572,Tom Herman,1,2017,13,1
2017,Texas A&M,9.4,36,38,52,0.822,5.874,40,42,807.27,15,13,248.58,,,0.338,0.466,0.1047827337542344,0.39846322722283206,1.2400216308246472,0.11255394326499646,0.4101694915254237,1.2206243027789365,Kevin Sumlin,6,2012,12,2
2017,Vanderbilt,0.6,70,41,77,0.838,-3.325,76,67,607.68,45,65,167.42,,,0.937,0.943,0.11641032793313755,0.42990654205607476,1.2753654924423454,0.1684440836214507,0.42275280898876405,1.271958954139819,Derek Mason,4,2014,12,1
2018,Alabama,36.3,1,2,7,0.795,30.062,2,2,978.54,2,5,289.94,1,2,0.777,0.756,0.40733246852811567,0.567258883248731,1.2561661989961093,0.029367066464704057,0.3540462427745665,1.351341382280525,Nick Saban,12,2007,15,1
2018,Arkansas,4.5,53,61,49,0.777,-5.181,91,106,694.63,27,49,192.11,,,0.669,0.653,0.025038121355426657,0.3971830985915493,1.124101772309556,0.19963622598614797,0.47645429362880887,1.1057579260459482,Chad Morris,1,2018,12,1
2018,Auburn,23.6,7,19,6,0.761,15.971,12,22,827.37,14,12,262.77,9,,0.828,0.704,0.13968280133070227,0.43495400788436267,1.1531464189710037,0.007288096463978535,0.3818849449204406,1.2114989037472463,Gus Malzahn,6,2013,13,1
2018,Clemson,29.7,3,5,3,0.912,32.655,1,1,893.21,5,7,283.67,2,1,0.793,0.779,0.30995694523345235,0.5079726651480638,1.2639245396157885,-0.11920933159198448,0.3475,1.1059060629104955,Dabo Swinney,11,2008,15,1
2018,Florida,23,9,15,17,0.813,17.11,11,10,831.78,13,14,259.56,,7,0.704,0.721,0.19684011309042107,0.48093480934809346,1.1394001014373427,0.04451995526814378,0.3820375335120643,1.1865905702159167,Dan Mullen,1,2018,13,1
2018,Georgia,32.9,2,3,7,0.794,24.87,3,7,964,3,1,323.31,3,7,0.627,0.597,0.32592434948166626,0.5199004975124378,1.2334919940388114,-0.007782163187955535,0.4214659685863874,0.9999541004039646,Kirby Smart,3,2016,14,1
2018,Indiana,1.6,70,55,75,0.861,1.876,63,62,564.04,57,50,190.77,,,0.291,0.483,0.08174009661987884,0.44754464285714285,1.068091795450752,0.13632021305392963,0.44244604316546765,1.210017620983549,Tom Allen,2,2017,12,1
2018,Kentucky,13.1,25,63,15,0.806,11.372,26,8,670.27,32,37,206.91,,12,0.335,0.471,0.08153155412832055,0.44128553770086526,1.0968166609213312,0.0387418357934806,0.39476961394769616,1.1516093199574349,Mark Stoops,6,2013,13,1
2018,LSU,24.2,5,30,5,0.75,14.863,17,6,889.91,6,15,254.38,25,6,0.17,0.158,0.1412223973711625,0.4288770053475936,1.108737001987803,-0.010353720864557499,0.39171597633136096,1.1320327409248248,Ed Orgeron,3,2016,13,1
2018,Michigan,22,10,25,9,0.867,20.06,6,9,862.35,8,22,230.56,14,14,0.763,0.561,0.17401403148654723,0.47095959595959597,1.1491983333966447,-0.035793602637645514,0.3384853168469861,1.4130894061356494,Jim Harbaugh,4,2015,13,1
2018,Mississippi State,23.2,8,32,1,0.791,18.442,9,26,729.97,23,27,218.47,18,,0.875,0.89,0.13741727656038963,0.4610027855153203,1.1733997912498562,-0.09355361561482761,0.36893203883495146,1.070166218395769,Joe Moorhead,1,2018,13,1
2018,Missouri,20.8,12,8,24,0.794,15.269,14,28,595.14,46,43,197.38,,,0.763,0.729,0.20246091150203613,0.5,1.0662541935194016,0.06084097152142828,0.41226993865030676,1.2357943957860642,Barry Odom,3,2016,13,1
2018,Notre Dame,20.7,13,32,10,0.905,19.293,50,4,847.85,10,10,268.86,12,5,0.676,0.615,0.1563428197562433,0.44052863436123346,1.2736065727175934,-0.0013824026196809327,0.38971428571428574,1.100472559188294,Brian Kelly,9,2010,13,1
2018,Ohio State,24.1,6,4,26,0.899,21.588,4,3,984.3,1,2,317.06,5,3,0.603,0.525,0.25064958345513216,0.5009671179883946,1.172316875986345,0.06917235766744324,0.39887005649717516,1.2988086700895185,Urban Meyer,7,2012,11,2
2018,Oklahoma,24.9,4,1,84,0.909,21.292,5,5,843.79,11,9,276.62,7,4,0.408,0.441,0.4556837692646373,0.5552913198573127,1.3480878751668772,0.27375663889215607,0.4809575625680087,1.2452074339648522,Lincoln Riley,2,2017,14,1
2018,Ole Miss,9.8,33,6,90,0.786,2.955,58,64,734,22,32,211.49,,,0.622,0.526,0.2537430947520885,0.5068493150684932,1.2053943288150302,0.17552811185937367,0.47805456702253857,1.1495300757542002,Matt Luke,2,2017,12,1
2018,South Carolina,14.9,20,21,40,0.788,8.264,35,36,749.98,21,18,242.04,,,0.887,0.94,0.1425461168643005,0.44416562107904645,1.2074287487890296,0.1809239568068299,0.4911308203991131,1.0400571059791428,Will Muschamp,3,2016,13,1
2018,Tennessee,5.5,48,38,71,0.759,1.215,65,49,826.98,15,21,231.34,,,0.66,0.537,0.04954221418077888,0.3961038961038961,1.2626483131635133,0.131772968326759,0.4728789986091794,1.0905688713014907,Jeremy Pruitt,1,2018,12,1
2018,Texas,11.3,31,27,44,0.865,13.5,19,13,861.2,9,3,300.06,23,9,0.654,0.824,0.19444501742980286,0.4600577478344562,1.1249424738586555,0.12342943722804403,0.447070914696814,1.1792134314300489,Tom Herman,2,2017,14,1
2018,Texas A&M,21.6,11,10,21,0.761,15.854,13,12,805.66,16,17,251.2,,16,0.613,0.69,0.17562316619673632,0.4745011086474501,1.1330061573751362,0.1581524740779387,0.3901098901098901,1.3892739973004427,Jimbo Fisher,1,2018,13,1
2018,Vanderbilt,7.6,39,24,57,0.812,4.171,53,56,611.99,43,41,202.04,,,0.617,0.601,0.1918299338050055,0.4481074481074481,1.2757371931295567,0.19557329246415545,0.4839779005524862,1.1111995940402248,Derek Mason,5,2014,13,1
2019,Alabama,32.4,3,2,3,,29.395,4,7,984.96,1,1,317.5,2,8,0.696,0.632,0.41269485207140316,0.5369822485207101,1.3436760007490474,-0.09306749146992523,0.3899280575539568,1.0710870281050642,Nick Saban,13,2007,13,1
2019,Arkansas,-10.6,108,105,88,,-6.993,91,109,707.72,26,23,237.17,,,0.398,0.466,-0.023214401449293827,0.38060781476121563,1.2942642794391939,0.22368669461069485,0.46112600536193027,1.2410130021271404,Chad Morris,2,2018,10,2
2019,Auburn,21,9,34,5,,21.281,10,12,843.93,13,11,271.94,16,14,0.415,0.447,0.12262373396178507,0.4409356725146199,1.0970144399988304,-0.0004766525664016508,0.3756038647342995,1.1854543368677322,Gus Malzahn,7,2013,13,1
2019,Clemson,28.1,4,5,3,,31.516,2,3,863.03,9,10,275.55,1,2,0.813,0.752,0.3686680746758435,0.5303030303030303,1.293569022789536,-0.07261885364823961,0.3695054945054945,1.0840159774476927,Dabo Swinney,12,2008,15,1
2019,Florida,24,7,11,7,,21.302,9,5,835.68,15,9,276.85,8,6,0.857,0.854,0.1987570926704966,0.4589127686472819,1.2994530884386541,0.00414333049357432,0.3877551020408163,1.1942188722765212,Dan Mullen,2,2018,13,1
2019,Georgia,26.8,5,32,1,,23.99,5,4,960.16,3,2,309.12,3,4,0.532,0.601,0.1521982815944211,0.47038327526132406,1.0834063624160644,-0.027854524858187627,0.36246786632390743,1.1251636701835375,Kirby Smart,4,2016,14,1
2019,Indiana,12.8,23,22,41,,7.523,36,33,603.81,53,36,202.63,,,0.82,0.871,0.1873296855981225,0.46905940594059403,1.1465008093388451,0.09022267221402794,0.41881443298969073,1.2037601845370842,Tom Allen,3,2017,13,1
2019,Kentucky,9.1,34,49,34,,8.823,25,40,672.74,34,34,203.49,,,0.602,0.568,0.09543844414183394,0.42287917737789205,1.245336275083704,0.07693486739592906,0.4134078212290503,1.2033365839623802,Mark Stoops,7,2013,13,1
2019,LSU,33.1,2,1,20,,30.33,3,1,906.17,5,5,284.06,6,1,0.858,0.731,0.4380092618726733,0.5827814569536424,1.2519349762540037,0.07264042825298067,0.38143036386449186,1.3404986079492955,Ed Orgeron,4,2016,15,1
2019,Michigan,20.7,10,21,11,,19.975,12,13,853.4,11,8,277.15,7,18,0.752,0.618,0.1337014102197502,0.4448574969021066,1.1629073680920345,0.05819584645869216,0.3779310344827586,1.2407915904895785,Jim Harbaugh,5,2015,13,1
2019,Mississippi State,3.5,50,36,69,,7.147,39,44,732.68,23,24,236.6,,,0.547,0.384,0.18927953310673803,0.4613220815752461,1.205918330385962,0.16879155964547712,0.46153846153846156,1.2782320972906052,Joe Moorhead,2,2018,13,1
2019,Missouri,7.8,39,89,17,,7.82,32,55,642.83,40,37,202.13,,,0.426,0.454,0.08579029658085241,0.4227212681638045,1.0819233994268949,-0.008135193991775458,0.3564213564213564,1.28914731758374,Barry Odom,4,2016,12,1
2019,Notre Dame,17.7,19,20,22,,20.887,50,10,843.29,14,16,258.56,9,12,0.659,0.617,0.21125887391801454,0.4494818652849741,1.2765547003156172,-0.01474241032061972,0.39869281045751637,1.0588694118564925,Brian Kelly,10,2010,13,1
2019,Ohio State,35.4,1,4,2,,33.663,1,2,973.56,2,14,261.18,5,3,0.281,0.324,0.37999299557959654,0.5226190476190476,1.311004528621404,-0.04690405269843642,0.34006211180124224,1.2452929989669888,Ryan Day,1,2019,14,1
2019,Oklahoma,22.9,8,3,47,,19.901,13,9,869.53,8,6,279.28,4,7,0.363,0.424,0.37084594998404996,0.5471014492753623,1.2355936315750649,0.13816881252877145,0.42191780821917807,1.246161079179306,Lincoln Riley,3,2017,14,1
2019,Ole Miss,2.9,52,67,41,,5.264,46,77,717.92,25,22,238.11,,,0.283,0.33,0.12035416611191277,0.4200477326968974,1.3038008248016062,0.15518848282236217,0.44844124700239807,1.2244511233449085,Matt Luke,3,2017,12,1
2019,South Carolina,4.8,46,98,29,,6.859,41,49,762.68,21,17,247.26,,,0.717,0.772,0.006631351076067238,0.4034440344403444,1.068884329934936,0.07335120047637439,0.4148527528809219,1.174594225118091,Will Muschamp,4,2016,12,1
2019,Tennessee,10.8,29,73,19,,7.802,33,27,830.34,16,13,269.07,,,0.865,0.871,0.07635816306769581,0.4104193138500635,1.2589477423233653,0.048535950079154136,0.4259028642590286,1.1126392609482643,Jeremy Pruitt,2,2018,13,1
2019,Texas,12,26,10,67,,13.038,20,26,877.91,7,3,287.69,10,25,0.708,0.684,0.2464608591941429,0.476457399103139,1.2487993625523093,0.11781533000196008,0.45104895104895104,1.1526893297085747,Tom Herman,3,2017,13,1
2019,Texas A&M,15,21,33,23,,13.588,19,21,848.89,12,4,285.46,12,,0.648,0.667,0.1428296027320482,0.47631241997439183,1.0537418422502043,0.08262451884634188,0.40431266846361186,1.2298817906635502,Jimbo Fisher,2,2018,13,1
2019,Vanderbilt,-10.4,106,104,98,,-7.649,94,94,605.06,52,56,182.42,,,0.593,0.476,0.007469555775839874,0.37735849056603776,1.1886599411767123,0.22340646198281716,0.4861111111111111,1.214735490631836,Derek Mason,6,2014,12,1
2020,Alabama,28.3,2,1,12,,35.907,1,1,985.86,2,2,310.44,3,1,0.501,0.593,0.4594938694479426,0.5785123966942148,1.2951714182791003,0.08686996869815804,0.375186846038864,1.385169960600149,Nick Saban,14,2007,13,1
2020,Arkansas,1.6,58,66,56,,2.836,56,63,719.15,26,30,212.16,,,0.667,0.505,0.1939409619326101,0.44462540716612375,1.2191587009308493,0.1290174605174121,0.4583333333333333,1.1776914441249668,Sam Pittman,1,2020,10,1
2020,Auburn,12.6,21,34,22,,13.276,19,30,844.78,12,7,274.6,11,,0.73,0.71,0.1399400632702724,0.4346590909090909,1.2003926372546827,0.15321034013605325,0.4576043068640646,1.1963379080395156,Gus Malzahn,8,2013,10,2
2020,Clemson,26.1,4,6,7,,26.935,3,6,915.57,4,3,309.73,1,3,0.764,0.849,0.33219031494463613,0.5090403337969402,1.3216042912244015,-0.01391236673234821,0.35785953177257523,1.3903854842719652,Dabo Swinney,13,2008,12,1
2020,Florida,19.8,6,4,34,,17.399,11,17,809.32,19,8,272.99,8,13,0.572,0.631,0.293067508235346,0.503030303030303,1.305503159659156,0.18485660315730282,0.45792079207920794,1.2123220876209286,Dan Mullen,3,2018,12,1
2020,Georgia,19.1,8,44,1,,22.215,5,7,990.47,1,1,313.34,4,7,0.356,0.304,0.1853187009691152,0.4396825396825397,1.2997168361083975,0.06468004674564809,0.4073455759599332,1.1966683024807825,Kirby Smart,5,2016,10,1
2020,Indiana,11.2,26,31,28,,14.319,16,13,611.17,52,58,177.39,,12,0.593,0.594,0.059758891093705274,0.3900184842883549,1.1623927657720046,0.019834422530683123,0.3992467043314501,1.314542924330198,Tom Allen,4,2017,8,1
2020,Kentucky,2.2,55,85,35,,4.791,45,46,716.65,27,23,229.87,,,0.52,0.657,0.06815719161290001,0.43375394321766564,1.0260286492625006,0.04661219418194197,0.4526627218934911,1.1085497707268783,Mark Stoops,8,2013,11,1
2020,LSU,6,41,27,69,,9.165,28,36,873.23,7,4,300.54,6,,0.252,0.273,0.14169509012048231,0.4336283185840708,1.20626230750726,0.21772653446593698,0.4691151919866444,1.4439611814678908,Ed Orgeron,5,2016,10,1
2020,Michigan,10.7,27,34,26,,4.543,48,64,832.65,14,14,256.34,16,,0.4,0.443,0.16676968002494613,0.43131868131868134,1.3276724704093068,0.2123334372044631,0.4235294117647059,1.280914327299202,Jim Harbaugh,6,2015,6,1
2020,Mississippi State,-1.4,78,88,58,,3.146,52,70,739.3,24,27,220.24,,,0.495,0.585,-0.023881269124538466,0.4117647058823529,1.1087159143087337,0.060958906854019085,0.4106666666666667,1.2793012593353028,Mike Leach,1,2020,11,1
2020,Missouri,-1,75,103,39,,3.78,49,43,627.24,47,50,182.85,,,0.292,0.519,0.12818177739676032,0.4414715719063545,1.2324441584432362,0.25710908185046283,0.4718543046357616,1.236274485044847,Eli Drinkwitz,1,2020,10,1
2020,Notre Dame,21,5,10,11,,19.341,7,4,866.21,9,17,251.45,10,5,0.591,0.64,0.2174062395266712,0.4722222222222222,1.182094861185068,0.06301568106800726,0.3940809968847352,1.3458035664491128,Brian Kelly,11,2010,12,1
2020,Ohio State,28.4,1,2,7,,27.563,2,2,976.48,3,5,295.08,2,2,0.623,0.615,0.34404655118658556,0.5264187866927593,1.3085106344730713,0.09211422675654792,0.44731182795698926,1.2022145711806604,Ryan Day,2,2019,8,1
2020,Oklahoma,17.8,12,5,42,,24.338,4,5,866.36,8,11,259.6,5,6,0.278,0.372,0.26357933995456767,0.4946236559139785,1.233291855157359,0.015095975689751732,0.3565640194489465,1.3501355660903285,Lincoln Riley,4,2017,11,1
2020,Ole Miss,4.8,47,11,99,,6.539,35,42,702.2,29,34,204.07,,,0.899,0.853,0.2711017458139294,0.4791666666666667,1.3971882429755884,0.28392204121322523,0.5060728744939271,1.1897417559997716,Lane Kiffin,1,2020,10,1
2020,South Carolina,-2.4,80,75,76,,-1.709,79,93,771.64,21,18,250.12,,,0.417,0.579,0.08851345041442737,0.41496598639455784,1.2522592871714475,0.2606266009392726,0.49917081260364843,1.201591816916628,Will Muschamp,5,2016,7,2
2020,Tennessee,0.9,63,93,32,,3.026,53,75,844.16,13,10,261.5,25,,0.543,0.709,0.10755903853667885,0.4324786324786325,1.1925545690448658,0.18153375743101918,0.4828125,1.0978097977745076,Jeremy Pruitt,3,2018,10,1
2020,Texas,9.7,29,22,42,,19.519,6,19,892.91,5,9,270.93,14,19,0.702,0.841,0.21699507921215586,0.4319880418535127,1.3665566250994656,0.06442340967706882,0.4324712643678161,1.140181766786162,Tom Herman,4,2017,10,1
2020,Texas A&M,16.2,14,15,25,,18.161,8,3,875.1,6,6,289.49,13,4,0.803,0.801,0.2575206777938441,0.49411764705882355,1.1945410372197784,0.07617482173522488,0.39297658862876256,1.3140658120906106,Jimbo Fisher,3,2018,10,1
2020,Vanderbilt,-16.8,121,122,105,,-12.73,112,119,607.68,54,52,182.21,,,0.238,0.194,0.017376740030952586,0.38733705772811916,1.1603428731912504,0.3706313748079319,0.538899430740038,1.206290394882822,Derek Mason,7,2014,8,2
2021,Alabama,26,3,4,9,,25.422,2,2,1004.04,1,1,327.91,1,2,0.192,0.26,0.2633773258492077,0.46729957805907174,1.3178714242071852,-0.007734273366127941,0.38213399503722084,1.238754978449201,Nick Saban,15,2007,15,1
2021,Arkansas,13.8,22,31,27,,9.812,21,14,722.84,28,24,213.19,,21,0.505,0.423,0.25569601513289947,0.4444444444444444,1.2901873019578065,0.08234710859036337,0.395,1.2349768753576589,Sam Pittman,2,2020,13,1
2021,Auburn,11,29,56,17,,9.936,20,48,840.38,14,30,205.63,,,0.605,0.714,0.13586123336666306,0.4299175500588928,1.2130009113341313,0.06046678121863825,0.41676234213547647,1.1998551401217792,Bryan Harsin,1,2021,13,1
2021,Clemson,18.7,8,71,3,,15.785,8,13,935.08,4,5,291.2,3,14,0.261,0.351,0.06798770813854807,0.40145985401459855,1.2254371936281625,-0.017572468215228006,0.35802469135802467,1.1708972193561709,Dabo Swinney,14,2008,13,1
2021,Florida,11,29,22,39,,7.616,34,67,885.67,9,13,261.62,13,,0.27,0.41,0.203168893546123,0.4681107099879663,1.2942717181823513,0.1220542319392418,0.40973111395646605,1.2729021258072057,Dan Mullen,4,2018,11,2
2021,Georgia,32,1,2,1,,30.024,1,1,1001.79,2,3,294.55,5,1,0.97,0.923,0.312467069255901,0.49865229110512127,1.261977955103643,-0.09548064025280016,0.3270893371757925,1.1900858888087416,Kirby Smart,6,2016,15,1
2021,Indiana,-7.8,100,112,72,,-4.088,84,93,664.25,38,54,177.78,17,,0.878,0.678,-0.01056165392088823,0.35724331926863573,1.2091687240861995,0.19070143924888802,0.4623044096728307,1.1383289429895156,Tom Allen,5,2017,12,1
2021,Kentucky,13.4,23,21,35,,8.819,28,19,709.07,30,32,205.02,,18,0.386,0.423,0.17395465303777602,0.5044136191677175,1.1204335118155562,0.10371480089470377,0.4431977559607293,1.1539833211831314,Mark Stoops,9,2013,13,1
2021,LSU,4.1,65,72,57,,5.798,42,51,903.72,5,4,291.37,16,,0.602,0.668,0.1296688088749803,0.40617283950617283,1.3082670309917277,0.13052610164866388,0.428743961352657,1.2898982793226377,Ed Orgeron,6,2016,12,2
2021,Michigan,23.4,4,19,10,,20.652,4,3,832.6,15,10,268.77,,3,0.536,0.531,0.21922989243160618,0.4655581947743468,1.1931783742084816,0.03603115281533436,0.38461538461538464,1.1871315685408572,Jim Harbaugh,7,2015,14,1
2021,Mississippi State,10.5,34,28,33,,7.136,36,41,716.17,29,25,210.6,,,0.668,0.622,0.20782393341847863,0.5,1.0857173146628523,0.11453015590995988,0.3932885906040268,1.3454547746845982,Mike Leach,2,2020,13,1
2021,Missouri,3.1,69,52,97,,-1.561,78,71,647.74,45,27,210.28,,,0.742,0.673,0.16989666323100483,0.43625,1.2665725517296467,0.2603400885967821,0.444015444015444,1.359012886184118,Eli Drinkwitz,2,2020,13,1
2021,Notre Dame,17.4,11,20,15,,16.663,6,10,853.1,12,9,269.15,9,8,0.369,0.46,0.20814098999301253,0.4339622641509434,1.3610919166661062,0.03230743820093872,0.3884093711467324,1.2107706066686035,Brian Kelly,12,2010,12,2
2021,Ohio State,29.3,2,1,20,,23.978,3,8,985.09,3,2,309.49,4,6,0.47,0.401,0.43216228338781376,0.5358592692828146,1.3794349800613057,0.11067315344749802,0.4325452016689847,1.2584781665295184,Ryan Day,3,2019,13,1
2021,Oklahoma,16.8,13,3,57,,17.593,5,9,895.38,6,11,267.92,2,10,0.721,0.591,0.29254584153461993,0.47642679900744417,1.3385268533735137,0.12598144446878534,0.4167650531286895,1.322460122945538,Lincoln Riley,5,2017,12,2
2021,Ole Miss,14.8,17,17,36,,10.982,18,12,732.02,27,18,234.56,,11,0.831,0.892,0.21996176008095641,0.4578313253012048,1.358946424551385,0.12333898832942293,0.46214689265536724,1.141113127208806,Lane Kiffin,2,2020,13,1
2021,South Carolina,3.9,66,86,49,,0.271,69,43,747.88,22,76,157.05,,,0.66,0.518,0.10033609237410458,0.4020926756352765,1.292229155263449,0.11862561177733716,0.43478260869565216,1.188342670140363,Shane Beamer,1,2021,13,1
2021,Tennessee,17.5,10,7,47,,9.339,26,46,780.83,19,16,240.4,,,0.31,0.273,0.264411011569113,0.4799482535575679,1.2832627222059678,0.16167326454945047,0.4184971098265896,1.351037628970635,Josh Heupel,1,2021,13,1
2021,Texas,8.5,48,28,85,,9.464,24,56,874.19,11,17,237.09,21,,0.441,0.395,0.257781003098051,0.4519230769230769,1.3467875902610569,0.1550287910656061,0.45584415584415583,1.2043547337711085,Steve Sarkisian,1,2021,12,1
2021,Texas A&M,21.1,6,35,7,,12.486,14,29,888.35,7,7,285.35,6,,0.629,0.599,0.12186252052904456,0.4494875549048316,1.1915558058104256,-0.042314669966084906,0.36684782608695654,1.1657030256127405,Jimbo Fisher,4,2018,12,1
2021,Vanderbilt,-19.4,122,124,115,,-16.901,121,113,609.82,57,49,184.46,,,1.056,0.934,0.014892958664508179,0.34459459459459457,1.319190565031687,0.2680453394871251,0.47516778523489933,1.2592816557435216,Clark Lea,1,2021,12,1
2022,Alabama,30.3,4,8,12,,27.296,2,4,1016.79,1,2,322.25,1,5,0.552,0.586,0.27729855709731493,0.4708994708994709,1.3766606367169374,-0.012190617473726927,0.3909677419354839,1.1245781500300385,Nick Saban,16,2007,13,1
2022,Arkansas,12,29,19,63,,6.93,36,37,741.06,26,28,217.69,19,,0.681,0.744,0.16552327909646097,0.45901639344262296,1.2056649294200763,0.20195177349195625,0.4242081447963801,1.4232447749516344,Sam Pittman,3,2020,13,1
2022,Auburn,5.1,54,46,68,,6.205,42,47,783.87,17,21,229.35,,,0.452,0.558,0.10940339795448042,0.39118825100133514,1.3574396401554853,0.12166745531518879,0.4225352112676056,1.1955530829932504,Bryan Harsin,2,2021,8,2
2022,Clemson,17.6,13,33,26,,17.553,9,14,943,5,10,260.87,4,13,0.458,0.621,0.13451173955200177,0.4497907949790795,1.1351887945595336,0.0030969200501703513,0.376878612716763,1.2595140490289478,Dabo Swinney,15,2008,14,1
2022,Florida,10.4,34,15,78,,7.555,33,44,856.95,12,17,232.99,,,0.31,0.302,0.1706689951774855,0.3984476067270375,1.4838638790010188,0.15457921411460515,0.4537914691943128,1.2477883369576057,Billy Napier,1,2022,13,1
2022,Georgia,35.3,1,26,1,,29.908,1,1,989.76,2,3,318.34,3,1,0.683,0.63,0.30701269527840974,0.5266821345707656,1.1800244326211613,-0.06759819287707329,0.35618279569892475,1.2573804541438647,Kirby Smart,7,2016,15,1
2022,Indiana,-7.1,90,58,110,,-4.19,85,73,680.74,37,26,219.8,,,0.245,0.377,-0.004795375437402248,0.37217598097502974,1.1488508263722268,0.13777840715595827,0.43478260869565216,1.181576589564525,Tom Allen,6,2017,12,1
2022,Kentucky,13,25,91,6,,5.824,44,40,737.33,27,14,240.16,20,,0.621,0.642,0.04184506117783836,0.40077821011673154,1.197676470478218,-0.02115654131509201,0.37262872628726285,1.2139263604024082,Mark Stoops,10,2013,13,1
2022,LSU,16.2,14,37,23,,17.436,10,8,872.61,8,12,245.76,,16,0.484,0.287,0.2842777703858934,0.5112960760998811,1.203740128206019,0.07315930794113401,0.40671641791044777,1.261370127080934,Brian Kelly,1,2022,14,1
2022,Michigan,32,2,21,4,,23.62,4,3,847.24,14,9,262.13,8,3,0.78,0.741,0.24442285656304477,0.4988207547169811,1.2122410407019346,-0.06408254179726873,0.3661417322834646,1.192654822573614,Jim Harbaugh,8,2015,14,1
2022,Mississippi State,15.4,19,32,30,,13.237,15,15,725.55,29,27,219.45,,20,0.415,0.401,0.09639243738055328,0.464068209500609,1.0750922065538235,0.015814245084119615,0.39238845144356954,1.2737265913308902,Mike Leach,3,2020,12,2
2022,Missouri,8.1,44,67,25,,2.559,60,63,715.36,31,15,236.92,,,0.34,0.299,0.08634776170728599,0.4046172539489672,1.2808168326775655,0.07815424567528734,0.37468030690537085,1.3264315259367183,Eli Drinkwitz,3,2020,13,1
2022,Notre Dame,10.3,35,56,36,,12.6,17,20,866.48,10,7,275.44,5,18,0.418,0.402,0.1264802575177927,0.4758539458186101,1.111332369778249,0.04942134132115209,0.3880794701986755,1.312897176165308,Marcus Freeman,1,2022,13,1
2022,Ohio State,31.1,3,4,15,,25.771,3,6,983.14,3,4,300.95,2,4,0.747,0.743,0.3581229455630628,0.5278154681139756,1.2804832645836544,-0.0004927718891500283,0.3560606060606061,1.4315419565266276,Ryan Day,4,2019,13,1
2022,Oklahoma,15.4,19,13,65,,9.969,23,55,870.34,9,8,266.73,9,,0.277,0.211,0.20471762040650304,0.4722222222222222,1.2152317002789064,0.15793151966215332,0.43615819209039547,1.2913754383408775,Brent Venables,1,2022,13,1
2022,Ole Miss,16.2,14,17,44,,12.342,18,28,757.39,23,23,222.38,21,,0.032,0.107,0.17839383035980924,0.473568281938326,1.2511873126375255,0.09988733518070639,0.43838862559241704,1.1473285538429387,Lane Kiffin,3,2020,13,1
2022,South Carolina,12.7,26,31,52,,4.416,49,23,762.63,20,25,220.16,,23,0.652,0.548,0.13576407020892292,0.4167794316644114,1.3395835643578062,0.11109854090977524,0.4542168674698795,1.1480343718206343,Shane Beamer,2,2021,13,1
2022,Tennessee,25.2,5,1,40,,22.728,5,5,764.8,19,18,232.77,,6,0.763,0.806,0.31601995712305425,0.5109114249037228,1.2631772132078356,0.07161660725057417,0.41374837872892345,1.2423537109188063,Josh Heupel,2,2021,13,1
2022,Texas,23.1,7,20,14,,19.379,7,21,887.45,6,5,289.04,,25,0.565,0.601,0.22863892782479128,0.48120300751879697,1.1833369017241073,0.07000082768080539,0.3885135135135135,1.256537104139835,Steve Sarkisian,2,2021,13,1
2022,Texas A&M,9.1,38,75,18,,7.2,35,68,947.3,4,1,333.13,6,,0.481,0.338,0.05847367203499068,0.40324763193504737,1.217825755970849,0.06566197794870864,0.4007220216606498,1.145289224259328,Jimbo Fisher,5,2018,12,1
2022,Vanderbilt,-4.7,86,58,96,,-6.834,96,67,629.76,57,32,212.11,,,0.641,0.83,0.08338742321165135,0.40364188163884673,1.2528063543674695,0.23600932788491868,0.45180722891566266,1.4146032396376147,Clark Lea,2,2021,12,1
2023,Alabama,23.1,7,11,8,,24.925,5,4,1015.43,1,1,328,4,5,0.423,0.409,0.2421464395904367,0.4441747572815534,1.3334482461944948,0.03500959030145034,0.35687732342007433,1.331570502512917,Nick Saban,17,2007,14,1
2023,Arkansas,3.5,54,56,66,,2.225,56,81,730.93,32,22,228.3,,,0.581,0.777,0.12701916857433793,0.39385474860335196,1.2346830972683498,0.06747670441177855,0.39668174962292607,1.2685128694687446,Sam Pittman,4,2020,12,1
2023,Auburn,7.6,36,67,27,,8.916,30,43,770.94,18,18,242.9,,,0.787,0.657,0.0957703848118227,0.41271989174560214,1.2267002270403753,0.09334479204043108,0.40160642570281124,1.2640633326873598,Hugh Freeze,1,2023,13,1
2023,Clemson,10.5,22,51,21,,13.892,19,27,917.88,5,11,273.39,9,20,0.551,0.505,0.05806663597114759,0.4517876489707476,0.9841475108823774,-0.05482194188287454,0.32954545454545453,1.3347074340211655,Dabo Swinney,16,2008,13,1
2023,Florida,6.8,41,38,58,,6.342,38,49,845.29,15,13,271.43,,,0.367,0.438,0.20257152035909776,0.43824701195219123,1.3025740546234343,0.20217233297446796,0.37910447761194027,1.556882654437839,Billy Napier,2,2022,12,1
2023,Georgia,31.2,2,4,5,,24.777,6,7,977.87,2,2,315.68,1,4,0.43,0.446,0.36350614740660636,0.5247524752475248,1.2403025183380814,0.039427617065981,0.38222222222222224,1.2554671855034085,Kirby Smart,8,2016,14,1
2023,Indiana,-7.4,92,105,71,,-2.761,78,99,677.57,47,69,177.6,,,0.358,0.345,0.05000453814232078,0.4083916083916084,1.1932475444283601,0.20677388049069306,0.4580559254327563,1.214130996586113,Tom Allen,7,2017,12,1
2023,Kentucky,10.5,22,33,34,,7.33,34,35,740.54,31,32,212.42,,,0.481,0.417,0.11442274425983082,0.3976083707025411,1.4472597403319405,0.08536100840367412,0.4337194337194337,1.1180539351650272,Mark Stoops,11,2013,13,1
2023,LSU,19.1,11,2,52,,20.874,9,13,899.31,7,6,288.7,5,12,0.845,0.888,0.4449304020280834,0.5558620689655173,1.3751609765353114,0.24265356642306768,0.449936628643853,1.3830544846069346,Brian Kelly,2,2022,13,1
2023,Michigan,31.3,1,12,1,,27.625,1,2,850.43,14,17,245.13,2,1,0.777,0.825,0.30522551525337055,0.4819121447028424,1.25402118702169,-0.12832813462451462,0.3273809523809524,1.1437773659302584,Jim Harbaugh,9,2015,15,1
2023,Mississippi State,0.5,62,77,51,,0.859,58,58,746.29,28,27,222.92,,9,0.584,0.715,0.01840767004536369,0.35976505139500736,1.2855278248592703,0.08721736571574938,0.4230769230769231,1.1864868400634536,Zach Arnett,1,2023,10,2
2023,Missouri,19.3,10,13,14,,15.277,16,9,755.4,24,34,211.13,,8,0.651,0.83,0.256962589109945,0.45961995249406173,1.3005619508527955,0.08033735846650959,0.36959370904325034,1.2873697556859085,Eli Drinkwitz,4,2020,13,1
2023,Notre Dame,20.1,8,14,10,,20.776,10,17,870.7,11,12,272.74,13,14,0.345,0.324,0.2870987724503661,0.4926900584795322,1.3146549728583752,-0.08515843618885405,0.34873323397913564,1.2086583375749609,Marcus Freeman,2,2022,13,1
2023,Ohio State,25.2,4,34,2,,27.485,2,6,974.79,3,5,288.98,3,10,0.644,0.636,0.2776034098103318,0.4667590027700831,1.2570519621772844,-0.0328513963209451,0.3590462833099579,1.1402613172707354,Ryan Day,5,2019,13,1
2023,Oklahoma,15,17,8,38,,22.492,8,12,884.97,9,4,289.03,20,15,0.527,0.675,0.27661187489359146,0.49940688018979834,1.3043683556195873,0.035083794144728335,0.3852657004830918,1.4176558148188656,Brent Venables,2,2022,13,1
2023,Ole Miss,18.4,12,14,22,,15.302,15,8,756.04,23,23,227.96,22,,0.618,0.728,0.2586102990037725,0.45111896348645464,1.3915718718694832,0.1046476089971865,0.41748768472906406,1.285706679294253,Lane Kiffin,4,2020,13,1
2023,South Carolina,4.3,51,58,55,,6.054,42,56,763.02,22,16,256.14,,,0.636,0.644,0.11070877236401036,0.40720961281708945,1.331318050087827,0.13071021955230436,0.4367396593673966,1.1666187784218947,Shane Beamer,3,2021,12,1
2023,Tennessee,16.2,14,18,22,,14.091,17,23,821.07,16,10,277,12,17,0.422,0.508,0.21751142527390324,0.4636942675159236,1.219652152231877,0.05115279226276054,0.3819918144611187,1.3440313351304989,Josh Heupel,3,2021,13,1
2023,Texas,23.2,6,6,12,,23.196,7,5,913.24,6,3,306.31,11,3,0.61,0.561,0.2034554843794178,0.451685393258427,1.271943212191586,0.02979327471526254,0.37452229299363055,1.3037512869237806,Steve Sarkisian,3,2021,14,1
2023,Texas A&M,15.6,16,20,20,,15.36,14,33,925.92,4,15,268.85,23,,0.648,0.516,0.17264040346855158,0.43239951278928135,1.2998293616379282,0.05065712708248953,0.3693820224719101,1.379216625608013,Jimbo Fisher,6,2018,10,2
2023,Vanderbilt,-12.7,110,80,124,,-9.102,103,110,639.88,58,52,195.39,,,0.519,0.618,-0.050963395234480756,0.36390977443609024,1.3651872954103736,0.2697895145109779,0.448586118251928,1.3683734088865185,Clark Lea,3,2021,12,1
2024,Alabama,25,4,6,8,,23.933,4,9,1018.28,1,2,310.75,5,17,0.602,0.547,0.16308239973530372,0.4520166898470097,1.2974886611575134,-0.032233725338264366,0.3717146433041302,1.2080062264990363,Kalen DeBoer,1,2024,13,1
2024,Arkansas,11,24,40,33,,8.19,36,42,779.17,26,31,216.66,,,0.527,0.307,0.1861937918963941,0.48188405797101447,1.2495722059130014,0.08160589084815932,0.4152334152334152,1.1809211634769423,Sam Pittman,5,2020,13,1
2024,Auburn,9.5,33,63,17,,9.659,29,65,833.61,18,10,275.39,,,0.712,0.845,0.13811254823207655,0.4488950276243094,1.260639456532864,0.054737843467144345,0.3784860557768924,1.26781284495088,Hugh Freeze,2,2023,12,1
2024,Clemson,13.3,22,16,26,,14.768,15,21,924.63,5,11,272.19,14,14,0.774,0.778,0.24822844542112912,0.46705882352941175,1.2758418617457006,0.07788682654092147,0.4005069708491762,1.348952118447645,Dabo Swinney,17,2008,14,1
2024,Florida,13.8,20,37,23,,11.901,21,24,894.24,12,13,268.25,,,0.723,0.718,0.11065456161558883,0.430327868852459,1.2178569665808172,0.06475768264819395,0.4385150812064965,1.1667811905963337,Billy Napier,3,2022,13,1
2024,Georgia,24.3,6,10,9,,22.091,5,2,1006.89,2,1,317.05,1,6,0.604,0.579,0.16027577169317053,0.4577226606538895,1.2135627500999961,0.06392438141935856,0.3847926267281106,1.2359740555039467,Kirby Smart,9,2016,14,1
2024,Indiana,20.1,11,18,15,,18.73,10,8,668.92,57,65,179.89,,10,0.432,0.285,0.293561521310166,0.5243553008595988,1.231039567339009,-0.028109899517121933,0.38109756097560976,1.1773906655716735,Curt Cignetti,1,2024,13,1
2024,Kentucky,5.5,45,88,26,,4.707,50,62,788.36,24,24,236.86,,,0.36,0.186,0.004055960182872034,0.41467065868263475,1.1536148503679136,0.1081312434922646,0.45975232198142413,1.0950727870627557,Mark Stoops,12,2013,12,1
2024,LSU,15.9,15,11,33,,13.515,17,17,906.19,9,7,278.75,13,,0.203,0.302,0.1885911435907652,0.44755244755244755,1.2988695375956913,0.12875509205270944,0.41365461847389556,1.3818798558610303,Brian Kelly,3,2022,13,1
2024,Michigan,10.6,26,93,10,,9.382,30,29,859.21,16,16,261.94,9,,0.26,0.321,0.011275455964124303,0.4005305039787798,1.053056142732314,0.058810246437142256,0.38287153652392947,1.282659444510721,Sherrone Moore,1,2024,13,1
2024,Mississippi State,-4.1,88,82,98,,0.192,67,105,743.77,34,28,223.21,,,0.191,0.223,0.11195856819473457,0.3923512747875354,1.419612191433496,0.288920078341675,0.5044359949302915,1.139971648771172,Jeff Lebby,1,2024,12,1
2024,Missouri,14,19,23,20,,12.197,20,19,807.36,19,20,241.93,11,22,0.875,0.659,0.15771899743950868,0.4403553299492386,1.1891012686085658,0.01322902363902436,0.40625,1.2087169991558393,Eli Drinkwitz,5,2020,13,1
2024,Notre Dame,23.9,8,4,7,,25.305,2,4,905.52,10,9,275.57,7,2,0.373,0.346,0.2451207802376052,0.462819089900111,1.2656657870470422,-0.10482457314583282,0.3785310734463277,1.0973133190595552,Marcus Freeman,3,2022,16,1
2024,Ohio State,31.2,1,3,1,,24.823,3,6,998.62,3,5,289.13,2,1,0.224,0.318,0.37873158344591074,0.5095238095238095,1.3622137433254031,-0.03440926291827568,0.36662606577344703,1.1796289886313942,Ryan Day,6,2019,16,1
2024,Oklahoma,9.5,33,75,17,,10.943,26,30,906.61,8,8,275.64,16,,0.394,0.37,-0.011526705295972708,0.38974358974358975,1.1318912681288502,-0.005713827201355409,0.35638297872340424,1.2358220765178483,Brent Venables,3,2022,13,1
2024,Ole Miss,27.9,2,7,3,,20.608,8,18,801.66,20,21,240.2,6,11,0.816,0.642,0.31373055538185834,0.4785992217898833,1.381735880787741,-0.055699483742903885,0.3474114441416894,1.2845052550466907,Lane Kiffin,5,2020,13,1
2024,South Carolina,16.9,14,35,13,,14.834,14,11,798.18,21,22,239.75,,19,0.191,0.138,0.16008048045885329,0.43675417661097854,1.2692457303012876,0.021448044132052927,0.42091503267973857,1.085153355691292,Shane Beamer,4,2021,13,1
2024,Tennessee,22,9,23,6,,20.786,7,7,858.67,17,14,267.26,15,9,0.331,0.357,0.1894547214326932,0.47434292866082606,1.1130037879093542,-0.025474824887017924,0.37606837606837606,1.2540929296854622,Josh Heupel,4,2021,13,1
2024,Texas,24.1,7,13,2,,26.107,1,3,953.95,4,6,286.92,4,4,0.466,0.561,0.16187194135400357,0.4525993883792049,1.29629674594926,-0.07165120113682315,0.3845278725824801,1.039413811499462,Steve Sarkisian,4,2021,16,1
2024,Texas A&M,17,13,21,19,,14.297,16,20,914.52,7,19,245.18,20,,0.573,0.631,0.14245394274084472,0.45161290322580644,1.1666979070225612,0.06864123370733813,0.3786279683377309,1.4471815469112013,Mike Elko,1,2024,13,1
2024,Vanderbilt,4.9,50,60,59,,6.463,39,40,695.96,50,40,207.79,,,0.163,0.238,0.15040460581007967,0.421875,1.2030175109500185,0.18091538980534516,0.46946564885496184,1.1785523968022844,Clark Lea,4,2021,13,1
2025,Alabama,14.8,20,36,11,,19.012,10,9,993.55,2,3,298.4,8,9,0.433,0.395,0.1569983180384807,0.42653508771929827,1.268546581053612,0.026331468723890212,0.3793103448275862,1.2286756693224627,Kalen DeBoer,2,2024,15,1
2025,Arkansas,5.1,53,16,99,,6.597,42,100,772.64,23,32,219.73,,,0.361,0.553,0.24908135979627036,0.48743016759776536,1.336698892203971,0.24933815486502187,0.47304582210242585,1.2701371025661692,Bobby Petrino,1,2025,7,2
2025,Auburn,11.6,29,59,16,,11.083,24,53,891.84,13,8,286.89,,,0.218,0.19,0.13093903332224602,0.43384223918575066,1.1364738270469472,0.02165970412090148,0.3829236739974127,1.2742398695967128,Hugh Freeze,3,2023,9,2
2025,Clemson,9.5,34,65,24,,9.454,31,52,918.43,7,26,227.23,4,,0.826,0.753,0.10484386935199921,0.4236276849642005,1.2191355016993064,0.02571778246600877,0.3700980392156863,1.325717711655624,Dabo Swinney,18,2008,13,1
2025,Florida,3.5,63,89,43,,8.194,37,50,898.58,12,7,287.77,15,,0.537,0.639,0.04390006643221478,0.4160475482912333,1.1314850779480232,0.1331417471840738,0.43297587131367293,1.257700227389267,Billy Napier,4,2022,7,2
2025,Georgia,24.1,6,14,8,,21.443,7,5,1002.98,1,2,304.64,5,6,0.372,0.351,0.2197566698881841,0.47840172786177104,1.1416431422714401,0.03516324322725269,0.39066666666666666,1.1261203882115056,Kirby Smart,10,2016,14,1
2025,Indiana,32.4,1,2,2,,31.487,1,1,645.34,72,47,201.75,20,1,0.251,0.148,0.2830476235364067,0.5108820160366552,1.175565162735069,-0.07458375888897699,0.35082872928176795,1.3101959999313126,Curt Cignetti,2,2024,16,1
2025,Kentucky,1.8,66,80,48,,5.127,47,48,763.18,27,29,224.01,,,0.27,0.253,0.019213409755853634,0.4161849710982659,1.1526530480283057,0.09099657563290674,0.4371508379888268,1.2269911985132906,Mark Stoops,13,2013,12,1
2025,LSU,10.3,32,75,11,,10.712,26,34,920.05,6,10,281.53,9,,0.66,0.711,0.030852116691182964,0.3892445582586428,1.186850655773852,-0.005182259201974333,0.38753056234718825,1.2417076812669192,Brian Kelly,4,2022,8,2
2025,Michigan,12.4,25,48,15,,14.243,20,19,907.22,11,6,290.87,14,21,0.41,0.36,0.13674828501160274,0.44375,1.1610659479257575,0.053561753174544126,0.42326139088729015,1.1323938150571398,Sherrone Moore,2,2024,12,2
2025,Mississippi State,4.1,58,39,84,,3.389,58,65,770.48,24,28,224.62,,,0.416,0.495,0.07652102895713371,0.41502890173410406,1.274041880841608,0.16149703562461024,0.4423305588585018,1.2467345633114386,Jeff Lebby,2,2024,13,1
2025,Missouri,14.4,21,47,10,,13.078,22,29,804.77,22,20,243.48,,,0.201,0.131,0.14123523403820756,0.447520184544406,1.2167785036862995,-0.006212287337567109,0.34593837535014005,1.2485722501559655,Eli Drinkwitz,6,2020,13,1
2025,Notre Dame,24.4,5,4,13,,25.279,3,13,912.11,9,12,270.22,6,10,0.367,0.382,0.3026950667235013,0.48963317384370014,1.4410459817286816,-0.07360279654432415,0.36363636363636365,1.266791366370322,Marcus Freeman,4,2022,12,1
2025,Ohio State,30.1,2,13,1,,27.617,2,4,973.69,3,4,297.72,3,5,0.308,0.195,0.27590397029362085,0.5174193548387097,1.158563953732529,-0.11254338626541112,0.344391785150079,1.0656988755866263,Ryan Day,7,2019,14,1
2025,Oklahoma,18.3,14,51,4,,15.944,15,12,882.59,14,17,248.6,18,13,0.528,0.489,0.045104466164851156,0.39705882352941174,1.2527377217674902,-0.042482849411895784,0.32051282051282054,1.3220274342770233,Brent Venables,4,2022,13,1
2025,Ole Miss,24,7,3,20,,19.342,9,6,813.11,21,16,251.63,21,3,0.175,0.146,0.26318715442875745,0.4780439121756487,1.2900755663176535,0.07563714456345436,0.39978094194961666,1.2943448716808064,Lane Kiffin,6,2020,12,2
2025,South Carolina,5.9,49,86,31,,8.965,34,67,833.26,18,18,244.27,13,,0.625,0.634,0.00965311051833318,0.3719247467438495,1.3231989022992505,0.05178740517196343,0.41611624834874505,1.189485987274544,Shane Beamer,5,2021,12,1
2025,Tennessee,15,19,7,63,,14.31,19,35,866.57,16,11,277.93,24,,0.221,0.225,0.2985200117956826,0.5064935064935064,1.2711460436888744,0.10041240050286981,0.4448621553884712,1.159324658716167,Josh Heupel,5,2021,13,1
2025,Texas,16.2,17,30,18,,18.576,11,10,973.54,4,1,312.27,1,12,0.283,0.395,0.1463589345888544,0.4047919293820933,1.3738390761441917,0.019408698551648847,0.39441747572815533,1.1408849459600503,Steve Sarkisian,5,2021,13,1
2025,Texas A&M,20.7,9,11,14,,18.374,12,7,917.29,8,9,282.42,19,8,0.532,0.695,0.2109504492560067,0.4609004739336493,1.2265401407715109,0.068937683827655,0.34119278779472956,1.4402121653162752,Mike Elko,2,2024,13,1
2025,Vanderbilt,20.3,11,5,39,,17.048,14,14,685.42,55,76,173.04,,15,0.859,0.924,0.40011552356485025,0.518970189701897,1.3892859893757783,0.16776001889734063,0.416551724137931,1.2947745025967194,Clark Lea,5,2021,13,1
